training,age,education,black,hispanic,married,no_degree,re75,re78
0.0,23.858731021383225,11.0,0.0,0.0,0.0,1.0,1418.3744397049054,1239.6449313686871
0.0,26.733210734048768,11.0,1.0,0.0,1.0,1.0,0.0,7336.031512329284
1.0,28.497880223134057,10.0,1.0,0.0,0.0,0.0,4135.009393483753,29960.950481696353
1.0,18.47591015783217,9.0,1.0,0.0,0.0,1.0,1084.5562655359831,11510.135191997622
0.0,21.329359321323857,8.0,1.0,0.0,0.0,1.0,4131.931891930044,9020.6645296685
1.0,20.179261029711558,13.0,1.0,0.0,0.0,1.0,25168.900651653123,9057.805748237963
1.0,19.039522178940505,9.0,1.0,0.0,0.0,1.0,5925.672753462064,14440.578400540093
0.0,29.025915849292417,14.0,1.0,0.0,0.0,0.0,3221.192056624255,5555.785094162233
0.0,17.957447955758337,11.0,1.0,0.0,0.0,1.0,0.0,0.0
1.0,29.44786999770986,10.0,1.0,0.0,1.0,1.0,17100.79659672321,11022.621905445814
1.0,24.442775935040462,11.0,1.0,0.0,1.0,0.0,6202.019837288468,14437.778922855461
1.0,23.54064506950786,10.0,1.0,0.0,0.0,0.0,28558.983377766654,1493.1822462282353
1.0,35.33409439228888,10.0,1.0,0.0,1.0,1.0,1486.930994490219,5975.000773766661
0.0,19.819289569622974,6.0,0.0,1.0,0.0,1.0,263.00141572297423,3887.715249423327
0.0,22.66695952945341,12.0,1.0,0.0,0.0,0.0,59.07903372584758,14032.450574135573
0.0,24.12630833251128,11.0,1.0,1.0,1.0,0.0,17383.054054172164,6846.316710907946
1.0,26.03680763333843,11.0,1.0,0.0,0.0,1.0,0.0,9510.87370165783
0.0,20.690308275765155,9.0,1.0,0.0,0.0,1.0,7556.946129927476,8115.697145304679
1.0,25.95747792976176,10.0,1.0,0.0,0.0,1.0,1134.8519035148825,3127.209455921688
1.0,17.17485730194362,11.0,0.0,0.0,0.0,1.0,1215.210666758834,11316.501809664103
0.0,29.435719046735358,8.0,1.0,0.0,0.0,1.0,24220.689646108993,4464.829149662533
1.0,18.235791711426586,8.0,0.0,1.0,0.0,1.0,9648.589188208603,13152.836034272872
1.0,22.792674452663995,9.0,0.0,0.0,0.0,1.0,12845.725404702538,32807.705617646665
0.0,27.642752911082756,8.0,1.0,0.0,1.0,1.0,469.39010059366865,9119.337542821782
0.0,17.0,11.0,1.0,0.0,0.0,1.0,7270.23523750308,8656.780632600534
1.0,17.67933720114421,9.0,1.0,0.0,0.0,1.0,1773.1405391092194,3389.0322100035532
0.0,24.880784409683777,10.0,1.0,0.0,0.0,1.0,7195.0064843648815,1486.7461389420878
1.0,22.691756400174057,11.0,1.0,0.0,0.0,1.0,961.729492507227,0.0
1.0,19.130844775855852,10.0,1.0,0.0,0.0,1.0,1180.1780490864542,9890.525165524095
0.0,34.79199764019591,11.0,1.0,0.0,0.0,1.0,604.2839082772894,56685.56490697045
0.0,20.188216217556903,9.0,1.0,1.0,0.0,1.0,1843.0582676357171,109.64441885159457
0.0,19.02147427192013,12.0,1.0,0.0,0.0,1.0,3857.736895959693,1429.8839806374867
0.0,19.0,11.0,1.0,0.0,0.0,1.0,204.10021541171892,0.0
1.0,28.01540150001196,10.0,0.0,0.0,0.0,0.0,4123.805499018932,506.1418585381789
0.0,22.479361827482876,9.0,1.0,0.0,0.0,1.0,7385.591418205295,1388.109105177251
1.0,22.679445422771924,7.0,1.0,0.0,0.0,1.0,8226.90860763397,124.27791083986313
0.0,29.401271027223803,10.0,0.0,0.0,0.0,1.0,7913.964241278445,7360.401519049528
1.0,25.069445245065396,9.0,1.0,0.0,0.0,1.0,0.0,0.0
1.0,22.744787822811176,11.0,1.0,0.0,1.0,1.0,1351.0611478723636,6751.1812481801135
0.0,22.129683306128555,12.0,1.0,0.0,0.0,1.0,20443.891112655536,6162.454574944161
1.0,25.30355590787888,13.0,1.0,0.0,0.0,0.0,19962.532799327495,15067.395233323608
1.0,18.771850703283125,8.0,0.0,1.0,0.0,1.0,3022.7969238147143,14752.825865996112
0.0,37.91636823956964,10.0,1.0,0.0,0.0,1.0,0.0,98.76877688788416
1.0,26.540473993204603,12.0,1.0,0.0,0.0,0.0,4316.537901616405,2399.978490516331
0.0,22.556126267927862,10.0,1.0,1.0,0.0,1.0,5943.904697257,26722.072872395293
0.0,26.44518393571901,13.0,1.0,0.0,0.0,0.0,17112.844390480324,5147.122106627567
0.0,25.73748520040153,7.0,0.0,0.0,0.0,1.0,4199.817182593355,4306.084674314446
1.0,24.018806028128278,12.0,1.0,0.0,0.0,0.0,2969.5956609130753,4739.601723560366
0.0,24.67215928330583,7.0,1.0,0.0,0.0,1.0,131.06568814937174,5068.628209462591
0.0,32.17939700999248,12.0,1.0,0.0,0.0,0.0,0.0,1321.3001057384258
0.0,35.403034133264825,9.0,1.0,0.0,0.0,1.0,5676.290093667428,1555.0926912394007
0.0,19.708005187014923,10.0,0.0,1.0,0.0,1.0,918.0161186743583,7348.840394288324
0.0,17.29888296805226,9.0,1.0,0.0,0.0,1.0,3208.5496126828702,16593.78781206325
0.0,23.496938789967604,13.0,1.0,0.0,0.0,0.0,683.6378428355299,5728.491447662452
0.0,17.302486169642304,7.0,0.0,0.0,0.0,1.0,1145.7542869873603,2633.884113812493
1.0,20.87021307630867,12.0,1.0,0.0,0.0,1.0,4071.565870043664,21517.64428994267
0.0,28.61719801993048,7.0,0.0,0.0,0.0,1.0,10494.594640890187,343.80621279251955
0.0,18.42149029755041,9.0,1.0,0.0,0.0,1.0,3354.692344995785,298.77084968015606
0.0,20.71691405330842,13.0,1.0,0.0,0.0,1.0,0.0,2151.352316749412
0.0,27.413828104860144,12.0,0.0,1.0,0.0,0.0,19759.97772480567,12774.933065784686
0.0,39.82145101875502,5.0,1.0,0.0,0.0,1.0,669.8006634328805,5940.387153638008
1.0,17.91266382817058,10.0,1.0,0.0,0.0,1.0,112.08433498742272,10187.747989523981
0.0,18.65058278370152,7.0,1.0,0.0,0.0,1.0,37.25527168635358,4865.280207515028
1.0,17.0,8.0,1.0,0.0,0.0,1.0,647.4683436536793,583.0855710084074
0.0,19.701771864350135,11.0,0.0,0.0,0.0,1.0,3839.150288910443,345.4467739076876
0.0,30.95452776367063,3.0,1.0,0.0,1.0,1.0,3425.114137991306,6445.058623934426
1.0,17.15416869420729,10.0,1.0,0.0,0.0,1.0,74.98487405065913,208.16988139607682
1.0,24.460773268397954,12.0,1.0,0.0,0.0,0.0,13554.449200800056,10553.439934713933
0.0,21.08303237898599,8.0,1.0,1.0,0.0,1.0,467.7808627566375,0.0
0.0,20.086860705159587,7.0,1.0,0.0,0.0,1.0,2180.915607349826,3843.2017265617396
1.0,27.505454546372174,8.0,1.0,0.0,0.0,1.0,1048.097052486536,4615.693186488181
0.0,36.28657952744579,11.0,1.0,0.0,0.0,1.0,0.0,8238.403273411806
0.0,26.754747887279727,8.0,0.0,0.0,0.0,1.0,20425.79870945694,6433.475442151586
0.0,26.4074253110342,11.0,1.0,0.0,1.0,1.0,10560.369207262445,1866.813883568647
0.0,17.558144993482244,10.0,0.0,0.0,0.0,1.0,0.0,2467.9857045806366
0.0,29.044334165603132,9.0,1.0,0.0,1.0,1.0,30.16027876582595,10742.54107394803
0.0,28.033183868014614,11.0,1.0,0.0,1.0,1.0,748.3249118101454,144.79851214640217
1.0,26.997254581235687,8.0,1.0,0.0,1.0,1.0,14412.00375183137,1828.6546949267445
1.0,25.57733723725268,8.0,1.0,0.0,0.0,1.0,31.61386874557353,6067.503824197474
0.0,18.63425651807276,7.0,0.0,1.0,0.0,1.0,2331.9474860583086,11620.958814450873
1.0,24.66395853695014,11.0,1.0,0.0,0.0,0.0,546.7213382305653,1676.1234009855089
1.0,23.420888762874768,11.0,0.0,0.0,0.0,1.0,8450.34407539585,7669.73739379868
0.0,17.502800498685286,8.0,0.0,1.0,0.0,1.0,1962.7507245951047,12014.62724755539
0.0,32.359883125583295,9.0,1.0,0.0,0.0,1.0,11177.074357649304,95.91790452195181
0.0,50.90636803284038,9.0,0.0,1.0,0.0,1.0,229.16128326738175,5571.680390844775
1.0,29.949293043005714,13.0,1.0,0.0,1.0,1.0,6726.369475745577,2298.7980582522277
0.0,21.73502946887759,10.0,1.0,0.0,0.0,1.0,20576.59378827848,7937.456726202839
0.0,21.166020071133914,8.0,0.0,0.0,0.0,1.0,752.7976898797725,7791.138872266131
0.0,17.366485268390466,8.0,1.0,0.0,0.0,1.0,497.2525582419809,3361.0577926119868
0.0,29.039755229752128,11.0,1.0,0.0,0.0,1.0,788.0130932345709,2083.379518754124
0.0,18.0,10.0,1.0,0.0,0.0,0.0,0.0,13960.80698472472
0.0,45.99193249936304,10.0,1.0,0.0,0.0,1.0,101.42788102662203,13462.641747714379
1.0,25.576754103625767,11.0,1.0,0.0,0.0,0.0,2446.3760793982797,153.19081262132727
0.0,26.358027778996068,10.0,1.0,0.0,1.0,1.0,464.44802603141943,219.5572101156476
0.0,18.953147506705072,11.0,1.0,0.0,1.0,1.0,5346.539208917209,6632.558877627203
0.0,17.693268286927307,9.0,1.0,0.0,0.0,1.0,4169.949585595217,1792.2531724327464
0.0,21.233687494352623,9.0,1.0,0.0,0.0,1.0,3049.0661878169544,1853.3958625906437
1.0,26.88148480136321,12.0,0.0,0.0,1.0,0.0,703.2730773911295,0.0
0.0,26.251341797071802,11.0,1.0,0.0,0.0,1.0,14051.959718397295,30853.320889317467
0.0,36.65636098078389,9.0,1.0,0.0,0.0,1.0,1758.9185636622162,13876.161080872642
0.0,19.87386634322049,12.0,0.0,0.0,0.0,0.0,17844.969581822133,9335.74232661824
1.0,24.82751348574617,13.0,1.0,0.0,0.0,0.0,660.6924923897463,21735.561037836156
0.0,18.27870026117147,9.0,0.0,1.0,0.0,1.0,1062.9221303325955,6713.688148258288
0.0,24.249660795033297,10.0,1.0,0.0,0.0,1.0,529.8298412816796,75.45274289074035
0.0,22.912334307424643,10.0,1.0,0.0,0.0,0.0,16872.921436990757,3232.4711917043714
0.0,27.029692045912903,10.0,1.0,0.0,0.0,1.0,7404.284355001341,1608.369256655828
1.0,28.99252161915148,9.0,1.0,0.0,1.0,1.0,7351.176745237591,4421.400493216721
0.0,31.956778268123035,11.0,0.0,0.0,0.0,1.0,1351.3801112265926,65.82403066996054
1.0,28.752490854299715,11.0,0.0,0.0,0.0,1.0,17836.80442193395,24950.5773839903
1.0,34.60804572416518,12.0,1.0,0.0,0.0,0.0,143.66160676861116,18756.473274839762
0.0,32.763654564913736,10.0,1.0,0.0,0.0,1.0,294.99586682097276,13073.224521571576
1.0,27.799212731016986,12.0,1.0,0.0,0.0,0.0,3683.406285915754,0.0
0.0,17.0,8.0,1.0,0.0,0.0,1.0,105.89217204724878,8772.093079641436
0.0,25.114601051398846,9.0,0.0,0.0,0.0,1.0,1667.955392613822,1776.9324440022597
0.0,19.224852728485438,8.0,0.0,0.0,0.0,1.0,69.41690090010214,7549.997969859888
1.0,21.048139249606937,10.0,1.0,0.0,0.0,1.0,982.4753944773432,9804.626716724673
1.0,26.347705528318446,7.0,1.0,0.0,0.0,1.0,580.9420057410921,14745.045131177483
0.0,27.030465990425395,11.0,1.0,0.0,0.0,0.0,26228.15967759754,16344.206727564571
0.0,27.165038478795353,14.0,1.0,0.0,0.0,1.0,398.5106984096444,48043.09775584351
1.0,25.561332594263778,9.0,1.0,0.0,0.0,1.0,6795.433260963293,5207.795263954467
1.0,19.550300962074274,12.0,1.0,0.0,0.0,1.0,7146.485143193404,10935.649357286298
0.0,21.25950467261546,11.0,1.0,0.0,1.0,1.0,12998.253200735471,7411.443660070077
1.0,17.682311422250493,11.0,0.0,0.0,1.0,1.0,5688.979525125316,12777.639261422337
0.0,28.999395361378042,8.0,1.0,0.0,1.0,1.0,1914.570040649672,0.0
1.0,28.820671506177128,11.0,1.0,0.0,0.0,0.0,29197.47179429661,4333.053357062416
0.0,24.574601600299474,11.0,1.0,0.0,0.0,1.0,1758.6058893342947,5420.109589289484
0.0,22.13741294457065,9.0,1.0,0.0,0.0,1.0,60.146955080818316,13224.324878336052
0.0,27.304572771704297,12.0,1.0,0.0,0.0,0.0,7256.062959979541,4322.210889656646
0.0,18.137987287295438,12.0,1.0,1.0,0.0,0.0,2539.973656542473,3855.104602091081
1.0,28.995351069602215,10.0,1.0,0.0,0.0,1.0,3151.6633549026456,0.0
0.0,21.12963863973587,12.0,1.0,0.0,0.0,1.0,1721.5231364393724,11768.268665929943
1.0,28.64629475939197,10.0,1.0,0.0,0.0,1.0,723.1096841732349,998.2222284574405
0.0,20.906852100083544,9.0,1.0,0.0,0.0,1.0,2659.279752431663,2898.5703745977344
1.0,26.57317320290761,9.0,0.0,1.0,0.0,1.0,13232.20457003246,10602.669833766353
0.0,22.16495741064928,10.0,0.0,0.0,0.0,1.0,18318.256258899994,9377.19890444922
0.0,33.477288213893004,13.0,1.0,0.0,0.0,0.0,210.6368772290905,558.0731447805631
1.0,25.381987406813145,12.0,0.0,0.0,0.0,0.0,6292.780635401688,4427.066129993927
0.0,30.465383436063647,10.0,1.0,1.0,0.0,1.0,1034.7913488316997,12944.125864297646
1.0,20.21207010318771,13.0,1.0,0.0,0.0,0.0,7629.840399610812,21300.716475133166
1.0,31.972723040742622,12.0,1.0,0.0,0.0,0.0,3234.054619026465,13376.48912852943
0.0,20.861795324999697,10.0,0.0,0.0,1.0,1.0,9258.525024999515,5903.99573978769
0.0,26.2013685372063,10.0,1.0,0.0,0.0,1.0,0.0,6164.182755696028
1.0,23.08657671194605,13.0,1.0,0.0,0.0,0.0,4771.950012167283,5256.276894583272
1.0,32.42244399381909,13.0,0.0,0.0,1.0,0.0,3723.7738511727175,4799.791189386459
1.0,39.301886529772865,11.0,1.0,0.0,0.0,0.0,577.3113391757648,7907.19936195039
1.0,30.238138679677135,10.0,1.0,0.0,0.0,1.0,0.0,47.310244473595645
0.0,27.32920350274332,11.0,1.0,0.0,0.0,0.0,14173.9212487688,12302.780937761214
1.0,24.016520636893034,12.0,0.0,0.0,1.0,0.0,5496.052087957385,4239.848647034243
1.0,26.518541415682588,12.0,1.0,0.0,0.0,0.0,2940.524481484535,2730.0876021346285
1.0,19.380167880471507,10.0,1.0,0.0,0.0,1.0,14879.169539718718,1251.5172279869792
0.0,24.59551757972942,9.0,1.0,0.0,0.0,1.0,7755.246376778889,447.4233401042467
0.0,17.426073569633672,7.0,0.0,1.0,0.0,1.0,2733.3566138395922,11715.722917641897
0.0,35.103758703443596,10.0,1.0,0.0,0.0,1.0,1495.5048293256993,68.00874533929391
1.0,21.776798567934716,9.0,1.0,0.0,0.0,1.0,3399.08525499053,197.21318326318624
0.0,22.88098669131898,7.0,1.0,0.0,0.0,1.0,24271.263093951082,20808.160622368086
0.0,20.714194340865824,7.0,1.0,0.0,0.0,1.0,10224.54000000425,5824.567217651768
1.0,26.30964991793469,12.0,1.0,0.0,0.0,0.0,0.0,9740.363885764289
1.0,27.41885564186501,13.0,1.0,0.0,1.0,0.0,3017.2332274172895,476.29623795177463
0.0,17.59421840712969,8.0,1.0,0.0,0.0,1.0,85.55665028595438,1290.9429989313485
0.0,22.805165787584926,10.0,1.0,0.0,0.0,1.0,3422.5412341586816,0.0
0.0,17.61547253405434,8.0,1.0,0.0,0.0,1.0,6409.678807424902,7641.910135445324
0.0,33.032705472261,9.0,1.0,0.0,1.0,1.0,6737.763813424083,9494.552073916959
0.0,32.25926941479811,9.0,1.0,0.0,0.0,1.0,11613.054865573074,1026.7841968496432
1.0,21.162043684863765,11.0,1.0,0.0,0.0,0.0,602.2601639203294,153.02104649374508
1.0,23.826297010598342,8.0,1.0,0.0,0.0,1.0,0.0,18920.261629217603
0.0,31.88170931763662,7.0,1.0,0.0,1.0,1.0,3127.03588442599,729.1957956484152
1.0,19.872431820354226,10.0,1.0,0.0,0.0,1.0,6383.364551169161,5930.340360968292
0.0,24.214727989932257,10.0,1.0,0.0,0.0,1.0,0.0,0.0
0.0,37.225425728501335,11.0,0.0,0.0,1.0,0.0,5938.394241688772,5141.260773488106
0.0,19.35768886832793,9.0,1.0,0.0,0.0,1.0,471.2038829503171,0.0
0.0,33.554077084460616,10.0,0.0,0.0,0.0,1.0,0.0,6050.833601092945
1.0,30.901034047507153,11.0,1.0,0.0,0.0,1.0,12296.194546949324,12947.958157548792
0.0,23.033084116409626,11.0,1.0,0.0,0.0,0.0,7568.884731531515,6667.412508987593
1.0,20.809886135226666,12.0,0.0,0.0,0.0,0.0,7264.164095648523,9884.559779883999
1.0,28.784966607582746,13.0,0.0,0.0,0.0,0.0,1287.752124582601,2235.5349166774454
0.0,36.71049565428912,10.0,1.0,0.0,0.0,1.0,33.557270640891716,9074.817131806065
0.0,34.36601245494047,11.0,1.0,0.0,1.0,1.0,4220.035598764911,17410.97235727802
1.0,17.5873780628529,9.0,1.0,0.0,0.0,1.0,0.0,2432.189050355146
1.0,19.04428055516945,13.0,1.0,0.0,0.0,0.0,10282.493780407607,4195.938234871956
1.0,32.26256187841467,12.0,1.0,0.0,0.0,0.0,0.0,13111.752244798085
0.0,25.384811502234257,12.0,1.0,0.0,0.0,0.0,12074.870681049453,9252.059095754423
0.0,18.370759746894496,8.0,1.0,0.0,0.0,1.0,149.84636616571333,7836.444948695051
0.0,31.000255598801846,5.0,1.0,0.0,0.0,1.0,0.0,6157.343434301896
1.0,19.71687909546384,10.0,1.0,0.0,0.0,1.0,0.0,109.03376752897661
1.0,18.888634379514645,8.0,0.0,1.0,0.0,1.0,745.38105119959,9825.765478735799
0.0,26.848952306404225,10.0,1.0,0.0,0.0,1.0,2365.7997674669086,1995.4491366132852
1.0,20.427780423197255,8.0,1.0,0.0,0.0,1.0,4026.9176035787987,10471.695799331092
1.0,18.243381940020367,6.0,1.0,0.0,0.0,1.0,1518.0932193590925,5059.192144103672
0.0,18.559101836795943,9.0,1.0,0.0,0.0,1.0,5457.5252579413145,0.0
1.0,22.63826482146962,7.0,1.0,0.0,1.0,1.0,6949.873294382798,0.0
0.0,24.176651818632216,8.0,1.0,0.0,0.0,1.0,1729.6870637746317,31295.834890707825
0.0,20.144784856063065,10.0,1.0,0.0,0.0,0.0,1630.1663989291128,3589.9997669418644
1.0,31.964590320927417,8.0,1.0,0.0,0.0,1.0,0.0,44.003614356151346
0.0,20.853212989044202,9.0,1.0,0.0,0.0,1.0,2194.0752494968965,8859.480250695757
1.0,17.181156598533715,8.0,1.0,0.0,0.0,1.0,0.0,1384.5480246210902
0.0,24.645965999536035,9.0,1.0,0.0,0.0,1.0,4777.01182335548,1032.7456240919398
0.0,31.021625920369374,9.0,1.0,0.0,0.0,1.0,733.4316778081327,12620.577349353864
0.0,24.285505772146877,11.0,1.0,0.0,1.0,1.0,9909.615217319442,9700.899129297988
0.0,18.173393106277906,9.0,1.0,0.0,0.0,1.0,755.950452336875,169.0544080015004
0.0,38.40860284889159,8.0,1.0,0.0,0.0,1.0,1665.1252415447466,1199.889780460688
0.0,23.95938348711559,11.0,1.0,0.0,0.0,1.0,8037.45114008176,19361.03865422053
1.0,20.409704404908474,11.0,1.0,0.0,1.0,1.0,2112.0060164094875,16496.558199691906
1.0,18.369269110927466,11.0,1.0,0.0,0.0,0.0,416.85951790307223,0.0
0.0,25.51312321892731,10.0,1.0,0.0,1.0,1.0,6366.648247282397,7828.920730029627
1.0,27.960866497119508,11.0,1.0,0.0,0.0,1.0,49.69707834462276,8864.75324573959
0.0,20.297238404658994,11.0,1.0,0.0,0.0,1.0,2977.578728334678,5909.879677798048
0.0,24.273033500974076,10.0,1.0,0.0,0.0,1.0,47.05164911716748,1783.5482338843738
0.0,27.722823236100787,8.0,1.0,0.0,1.0,1.0,17.700225802719793,5356.246080814705
1.0,23.274556828649494,12.0,0.0,1.0,1.0,0.0,4453.536667728644,6082.84188539167
0.0,23.08454229701835,11.0,1.0,0.0,0.0,1.0,19061.38621934029,2574.8328668526365
0.0,31.706540912051732,12.0,1.0,0.0,1.0,0.0,7963.25913853085,13980.560669061826
1.0,25.876326528860634,10.0,1.0,0.0,0.0,1.0,5844.9564270708015,236.1528245427823
0.0,24.931447995069803,11.0,1.0,0.0,0.0,1.0,188.23775682346087,1627.38720180537
0.0,24.68081737559101,8.0,1.0,0.0,1.0,1.0,5881.903978725843,17978.811240537005
1.0,28.913464978157702,12.0,0.0,0.0,0.0,0.0,2354.5648728979886,16622.49738682637
1.0,34.57810221916063,11.0,1.0,0.0,1.0,1.0,10825.83136807476,10795.178853874266
0.0,25.14013563138729,11.0,1.0,0.0,0.0,0.0,11920.835539392952,11103.261790276585
1.0,19.909579293461604,11.0,1.0,0.0,0.0,1.0,278.38515861397025,14284.060640881278
0.0,31.864930148108726,10.0,1.0,0.0,0.0,1.0,0.0,4.838602942898352
1.0,37.43810100102346,10.0,1.0,0.0,0.0,1.0,21532.33652531398,5082.821803408642
0.0,22.649893843209366,10.0,1.0,0.0,0.0,1.0,0.0,9.644658316443866
1.0,36.54850115033428,9.0,1.0,0.0,0.0,1.0,3422.400919725899,5535.979562770442
0.0,23.413322811429964,8.0,0.0,1.0,0.0,1.0,5504.842589785964,3146.5191786709906
1.0,20.039031153230024,12.0,1.0,0.0,0.0,0.0,247.4010866023785,4856.522792909782
1.0,21.89200142110704,8.0,1.0,0.0,0.0,1.0,3064.99903988378,6167.543171316607
1.0,24.276766191646477,10.0,0.0,1.0,0.0,1.0,10539.313834682542,17827.54795931485
0.0,18.964438974759883,10.0,0.0,1.0,0.0,1.0,2664.30782162469,7463.580652585709
1.0,21.47204412111645,8.0,1.0,0.0,0.0,1.0,3216.455593905639,10535.231977384132
0.0,29.635377086534668,9.0,1.0,0.0,0.0,1.0,0.0,685.4317373271617
1.0,26.059727483033786,12.0,1.0,0.0,0.0,0.0,0.0,2740.0618114280614
0.0,19.61035879973306,8.0,0.0,1.0,0.0,1.0,4529.920424470941,4539.5668038467675
1.0,28.3189596587543,4.0,1.0,0.0,1.0,1.0,917.948942877033,13305.727922700125
0.0,17.9460510540833,8.0,1.0,0.0,0.0,1.0,3794.7543341573664,4158.471594362881
0.0,17.208840493850033,8.0,1.0,0.0,0.0,1.0,380.0674652123444,10999.044726764836
0.0,20.188076318866955,11.0,1.0,0.0,0.0,1.0,3703.0257928140463,0.0
0.0,30.391790515108962,10.0,1.0,0.0,0.0,1.0,7560.275617296495,58.88850587857765
0.0,22.862974303915824,12.0,1.0,0.0,0.0,0.0,8331.274667361657,1147.417960281248
0.0,23.151433287592436,11.0,1.0,0.0,0.0,1.0,23420.028206027222,16726.4260527358
0.0,19.471237995250416,7.0,1.0,0.0,0.0,1.0,295.3219209182788,2238.4339838262367
0.0,19.93472768003373,10.0,1.0,0.0,1.0,1.0,9799.657039667218,11163.602095327746
1.0,21.191355434485303,12.0,1.0,0.0,1.0,0.0,3157.249006774364,13922.437308629698
0.0,20.48883729598941,9.0,1.0,0.0,0.0,1.0,3317.7478019247537,47.884846562813074
0.0,29.059120474849855,10.0,1.0,0.0,0.0,1.0,136.32824989963774,428.7842555650428
0.0,30.269839053019226,10.0,1.0,0.0,0.0,1.0,225.64454218360265,4925.6933852292395
1.0,22.473935901321802,10.0,1.0,1.0,0.0,1.0,759.9141470990324,4232.2672250415
1.0,25.974685426172368,12.0,0.0,0.0,0.0,0.0,3533.1953818309507,8167.562480028731
1.0,24.43803935721831,13.0,1.0,0.0,0.0,0.0,346.55318082622944,2685.460844172798
1.0,19.74861922837347,9.0,1.0,0.0,0.0,1.0,11077.873432173432,627.626607867126
1.0,21.644339497293434,10.0,1.0,0.0,0.0,0.0,0.0,4359.7456247097425
0.0,23.557038824940037,8.0,0.0,0.0,1.0,1.0,23214.988659596864,8974.682444590937
1.0,32.18166359978699,12.0,0.0,1.0,0.0,0.0,7093.270425341933,9393.596068783818
0.0,33.25051811938454,10.0,1.0,0.0,0.0,1.0,13586.355252910746,8976.732005776352
0.0,39.51608600031025,9.0,1.0,0.0,0.0,1.0,10295.013167903018,6568.9769965657715
0.0,24.27798335458927,9.0,1.0,0.0,1.0,1.0,7451.9920751586715,0.0
0.0,17.774728208559292,8.0,0.0,0.0,0.0,1.0,197.25280132779346,8048.739319115482
0.0,24.36080283717315,11.0,1.0,0.0,0.0,1.0,790.1471155471108,12.118962269749566
0.0,24.778808856406606,11.0,1.0,0.0,1.0,1.0,9534.115811824218,4293.236971413586
1.0,20.434182288506108,11.0,1.0,0.0,1.0,0.0,19905.147718674663,9502.824734994096
0.0,38.758624116560746,13.0,1.0,0.0,0.0,0.0,0.0,15453.407625377055
0.0,25.422927715185573,8.0,1.0,0.0,0.0,1.0,4199.1513173591475,112.48994511121722
0.0,41.69357634755472,11.0,1.0,0.0,0.0,1.0,10555.857862701443,21666.682950754905
1.0,31.73290585167407,12.0,0.0,0.0,1.0,0.0,4543.228208413678,1130.418523784511
1.0,23.47155671870968,10.0,1.0,0.0,0.0,1.0,2595.2850969790825,226.3736835576458
0.0,22.77416512046594,7.0,1.0,0.0,0.0,1.0,17703.714936908502,1061.6569596520349
0.0,26.891434374235065,11.0,1.0,0.0,0.0,1.0,302.11765404069104,4772.706669268823
1.0,23.272224198043627,10.0,1.0,0.0,0.0,1.0,10048.857382847555,40.25596161675599
0.0,27.879727593186487,8.0,0.0,0.0,0.0,1.0,8644.494952224903,7666.841806827204
1.0,27.03568416227527,12.0,1.0,0.0,0.0,0.0,242.07355466698357,18120.998120751385
0.0,25.56213553397556,9.0,1.0,0.0,0.0,1.0,499.5244634518617,11163.646673629493
1.0,19.322623654923166,8.0,1.0,0.0,0.0,1.0,985.2850767394284,16611.62705512891
1.0,34.13544164193519,5.0,1.0,0.0,0.0,1.0,0.0,1406.161550653233
0.0,19.33036539313245,9.0,0.0,1.0,0.0,1.0,412.57232913038666,859.4634950438302
0.0,21.074620781038448,11.0,1.0,0.0,0.0,1.0,363.4599487037035,7076.686272615947
0.0,17.847865779734903,8.0,1.0,0.0,0.0,1.0,929.9517359558904,5429.382844102937
0.0,22.845021888951514,8.0,1.0,0.0,0.0,1.0,674.9177513249592,2491.532045489002
0.0,18.0,10.0,1.0,0.0,0.0,1.0,2657.2062108378436,4056.118453589145
1.0,19.036994488435273,11.0,1.0,0.0,0.0,1.0,1302.5369127199783,1124.95432780292
1.0,19.53321821771423,9.0,0.0,1.0,1.0,1.0,186.8260420972114,5619.131573740148
0.0,22.44084741155509,11.0,1.0,0.0,0.0,1.0,4531.635774347604,9133.271176047252
1.0,22.017287930064967,11.0,1.0,1.0,0.0,0.0,8974.797445598706,12753.888583340566
0.0,26.84637435899906,9.0,1.0,0.0,0.0,1.0,1196.2978970621873,3387.955027601782
0.0,27.64209346566113,11.0,1.0,0.0,1.0,1.0,7053.7938594037705,8504.524025552073
0.0,22.02842516106317,7.0,1.0,0.0,0.0,1.0,886.3375097816922,11712.194081343463
0.0,17.47095090360133,10.0,0.0,1.0,0.0,1.0,1916.871585389104,8024.219777962357
0.0,26.485546974537588,12.0,1.0,0.0,0.0,0.0,5123.134325792972,3480.2380982251743
1.0,17.467149860569712,8.0,1.0,0.0,0.0,1.0,83.54056061602707,10095.423319843696
0.0,19.49805548194927,11.0,1.0,0.0,0.0,1.0,1105.2359574695645,0.0
0.0,18.472376351221307,11.0,1.0,0.0,0.0,1.0,1528.5755838273624,23883.654794786464
0.0,19.192992849536857,8.0,1.0,0.0,0.0,1.0,759.2926935960511,4293.132768916067
1.0,38.359719830024176,13.0,0.0,0.0,1.0,0.0,0.0,9488.558171009563
0.0,21.17731820126706,9.0,0.0,0.0,0.0,1.0,4554.006774318501,7510.8854999622945
0.0,28.76270842714038,9.0,0.0,1.0,0.0,1.0,0.0,2370.2799761728174
1.0,18.642202102348506,9.0,1.0,0.0,0.0,1.0,4478.370183362158,6586.378894421588
1.0,20.0,12.0,1.0,0.0,0.0,0.0,177.39891306941269,2687.1428790301316
0.0,30.309390263618727,12.0,0.0,1.0,0.0,0.0,28023.128511654795,12804.936579846915
1.0,29.062470839177358,9.0,1.0,0.0,0.0,1.0,19139.40954075213,10192.645374013879
1.0,22.86629914709435,10.0,1.0,0.0,0.0,1.0,2479.510361845548,0.0
0.0,26.851702549456057,12.0,1.0,0.0,0.0,1.0,443.74617781878817,21914.873542274945
1.0,19.16133074779984,9.0,0.0,1.0,1.0,1.0,1795.250567986615,9890.151110590645
0.0,29.85976428263404,10.0,0.0,1.0,1.0,0.0,129.24957453740387,4975.018405745286
0.0,25.72455792857973,11.0,1.0,0.0,1.0,0.0,1874.3245993267683,5549.619159548918
0.0,21.324843129157923,11.0,1.0,0.0,0.0,1.0,8334.218811373801,9096.322458553495
0.0,17.490426464041597,9.0,0.0,0.0,0.0,1.0,602.5448698020307,203.20989554657254
0.0,39.792888909360826,11.0,1.0,0.0,0.0,1.0,583.1691010024346,7311.001948140913
0.0,25.808947186419967,9.0,1.0,0.0,0.0,1.0,0.0,3028.8523692598
1.0,20.276744297824948,10.0,1.0,1.0,0.0,1.0,979.1322497324422,4140.337604159733
1.0,28.90537803636007,12.0,1.0,0.0,0.0,0.0,330.77165274787245,817.4417168152007
0.0,17.934054035608117,10.0,1.0,0.0,0.0,1.0,0.0,9903.227457462592
0.0,22.54515979897574,11.0,1.0,0.0,0.0,0.0,1452.6790777655765,3400.175268983883
1.0,30.026055756445544,12.0,0.0,1.0,0.0,0.0,11421.732931284418,7489.665312414839
0.0,26.657118872908622,8.0,0.0,1.0,1.0,1.0,2661.0894936716863,9197.204576689572
1.0,20.682580795984055,11.0,1.0,0.0,0.0,1.0,4537.409235917188,31138.963776340664
0.0,17.71010072145014,11.0,1.0,0.0,0.0,1.0,3641.552523686302,4100.521133789996
1.0,29.877627788294014,9.0,1.0,0.0,0.0,1.0,36458.46178457166,4544.841579576898
0.0,25.981234134154327,8.0,1.0,0.0,0.0,1.0,23505.54680574585,6216.970895518575
0.0,25.414323123091147,8.0,1.0,0.0,1.0,1.0,9342.55705698073,0.0
1.0,23.44523622585189,10.0,1.0,0.0,1.0,1.0,7115.78497517184,7430.912841966434
0.0,23.71779177058958,12.0,1.0,0.0,0.0,0.0,0.0,3878.6978565669237
0.0,20.333370182342716,11.0,0.0,0.0,0.0,1.0,187.30735896754928,2789.7064607629854
0.0,21.99455445446082,12.0,1.0,0.0,0.0,0.0,4708.972242113779,4940.863624848938
0.0,28.82592108101931,11.0,1.0,0.0,1.0,1.0,0.0,8325.079752766816
0.0,20.987470083167583,8.0,1.0,0.0,1.0,1.0,4282.120092758208,11328.76220566528
0.0,18.778420396653797,8.0,1.0,0.0,0.0,1.0,4285.213519122437,2288.655538705507
1.0,40.96344802959266,8.0,1.0,0.0,0.0,1.0,1981.9001150117533,0.0
0.0,18.44783356012997,11.0,0.0,0.0,1.0,1.0,4847.739846128086,11951.749687577918
0.0,19.173633027866703,9.0,1.0,0.0,0.0,1.0,10892.285210976243,1163.5226768049185
0.0,19.761647026614856,9.0,1.0,0.0,0.0,1.0,124.2520505345444,99.74897732661682
0.0,23.937422584157602,9.0,1.0,0.0,0.0,1.0,8150.209558780605,0.0
1.0,27.298975866157885,10.0,1.0,0.0,1.0,1.0,1549.5199425788019,2758.003857485659
1.0,31.323646608968144,11.0,0.0,0.0,1.0,1.0,19563.68319545892,2276.1306507156746
0.0,25.53449636601633,14.0,1.0,0.0,0.0,0.0,2121.841017848952,6494.0109758560675
0.0,25.444536709497186,12.0,1.0,0.0,0.0,0.0,1771.3536185362786,2.725078022149196
0.0,17.570038909291185,8.0,1.0,0.0,0.0,1.0,72.18219099525669,7210.170683559789
0.0,37.02509059578539,13.0,1.0,0.0,1.0,0.0,1275.462593883055,6245.802000869212
0.0,26.792020055646162,10.0,1.0,0.0,0.0,0.0,3026.3973186336266,4169.540239652012
1.0,35.91959165738381,8.0,1.0,0.0,1.0,1.0,7520.406637283431,1284.0640038970373
1.0,23.18153983585682,12.0,1.0,0.0,0.0,0.0,661.3905913111388,1468.9891357590259
0.0,26.633891330870835,9.0,0.0,1.0,1.0,1.0,5027.507326231449,4833.1306329228455
1.0,40.87184465919931,8.0,0.0,0.0,1.0,1.0,10350.538516805631,6654.106087355288
0.0,30.6653159896693,12.0,1.0,0.0,0.0,0.0,34463.71850251476,21688.73007571757
0.0,22.257363604050965,11.0,1.0,0.0,0.0,1.0,7898.543062613495,4980.8947688203425
1.0,33.71027570159501,9.0,1.0,0.0,0.0,0.0,486.96955538177747,18305.702774344165
1.0,21.115256837026042,10.0,0.0,1.0,0.0,1.0,2712.8458250971526,13907.20529732302
1.0,36.023283800327825,4.0,1.0,0.0,0.0,1.0,6352.461399779766,394.2551553107592
0.0,27.756218976089865,10.0,1.0,0.0,0.0,1.0,314.02413574596284,14038.970269439767
0.0,24.94877024948537,12.0,1.0,0.0,0.0,0.0,9.88819454637557,666.8513337501238
0.0,18.66758169793034,8.0,1.0,0.0,0.0,1.0,186.4820465885577,10286.667592169879
1.0,23.58287607004685,10.0,1.0,0.0,1.0,1.0,793.8886084880216,649.424352301027
0.0,21.689822837906195,7.0,1.0,0.0,0.0,1.0,17786.38597942425,2959.4425156936245
0.0,17.73961847512,9.0,1.0,0.0,0.0,1.0,6401.405142279385,7988.17934199139
0.0,17.39706679137585,9.0,1.0,0.0,0.0,1.0,0.0,8526.065554050401
1.0,21.369331597664075,12.0,1.0,0.0,0.0,0.0,5183.153018587152,17277.79118685891
1.0,17.74667235293914,6.0,0.0,1.0,0.0,1.0,2860.064754909914,8144.659587467075
0.0,26.67140492589138,10.0,1.0,0.0,0.0,0.0,1472.2188536600138,1997.6748438490426
0.0,33.854507891210815,11.0,1.0,0.0,1.0,0.0,133.92208727363627,15308.620129821644
1.0,27.767549141193754,10.0,1.0,0.0,0.0,1.0,35.94081965695173,1859.0186212289327
1.0,18.086887922165634,9.0,1.0,0.0,0.0,1.0,322.5305391192972,13795.29610366346
0.0,25.940677525472843,9.0,0.0,1.0,0.0,1.0,2402.8359901898602,15419.711286001959
1.0,18.99830954390717,9.0,0.0,1.0,0.0,1.0,6323.738701813058,17887.932767689443
0.0,20.9450163861833,11.0,1.0,0.0,1.0,0.0,13339.760818727693,14119.864685521155
0.0,17.01336509252664,10.0,1.0,0.0,0.0,1.0,1521.2870822792643,6395.375598028902
1.0,20.01965557194259,11.0,1.0,0.0,0.0,1.0,987.0607608805219,3417.4902958907915
0.0,20.836184577822113,11.0,1.0,0.0,0.0,1.0,2265.83869137263,2325.1190291529465
1.0,23.83938387019755,10.0,1.0,0.0,0.0,1.0,0.0,78.35781013623253
1.0,39.04526185803514,10.0,1.0,0.0,0.0,1.0,2.7247240522689866,9772.421466810752
0.0,30.594188301085808,10.0,1.0,0.0,0.0,1.0,6234.403886963045,3061.4811564192905
0.0,39.58932423690641,11.0,1.0,0.0,1.0,1.0,13700.659827614758,2351.3767880482155
0.0,17.81530161520491,8.0,0.0,0.0,0.0,1.0,0.0,10320.2197573777
1.0,22.90357717988279,10.0,1.0,0.0,0.0,1.0,1980.4220742267873,6335.671727737115
1.0,24.157629522744507,11.0,0.0,1.0,0.0,1.0,7425.30381656202,20531.01362790253
0.0,26.62148346386357,10.0,0.0,1.0,0.0,1.0,4236.398493780329,4379.243016037134
1.0,19.0,10.0,1.0,0.0,0.0,1.0,3339.5436065935023,1478.4096674275952
0.0,37.3617924988152,6.0,1.0,0.0,0.0,1.0,698.4119556666342,0.0
1.0,17.0,8.0,1.0,0.0,0.0,1.0,5.49650100121994,976.6054498122385
0.0,20.0,10.0,1.0,0.0,0.0,1.0,2734.801613397078,5185.635609525295
1.0,24.328405153060878,4.0,0.0,1.0,0.0,1.0,120.56760167434595,9952.143513243424
0.0,23.844410884602873,10.0,1.0,0.0,0.0,1.0,24.081021668864196,5857.354571287879
1.0,21.229883091659396,10.0,1.0,0.0,0.0,1.0,0.0,17965.12198930809
0.0,32.739376832410095,11.0,0.0,0.0,1.0,1.0,1118.7437484300094,4792.971682734609
1.0,24.12927212015784,11.0,1.0,0.0,0.0,1.0,1337.7272693372915,3948.935520598624
1.0,20.496141960641754,11.0,1.0,0.0,0.0,1.0,1228.9012197863296,5008.452217281709
0.0,18.216260559842098,11.0,1.0,0.0,0.0,1.0,2185.868448439873,5285.289634176675
0.0,25.513359979037645,11.0,1.0,0.0,1.0,0.0,767.4466635627218,3230.6598166398912
1.0,21.12850738622472,11.0,1.0,0.0,0.0,1.0,6504.859903726768,19287.05383960339
0.0,28.482808047822303,11.0,1.0,0.0,0.0,1.0,8968.760724207452,3995.428703890966
0.0,17.834906733960214,10.0,1.0,0.0,0.0,1.0,230.245398246496,5800.494958976603
1.0,30.399783918140358,8.0,0.0,0.0,0.0,1.0,13369.662832647668,9076.261867302148
1.0,30.457930306840357,11.0,1.0,0.0,0.0,1.0,9081.129471611443,1911.6470732093699
1.0,32.40849988396063,9.0,1.0,0.0,1.0,1.0,15188.102471991533,5990.11895274591
0.0,18.663209118126737,7.0,1.0,0.0,0.0,1.0,5201.9021365754015,0.0
1.0,21.638974706519825,13.0,1.0,0.0,0.0,0.0,9005.316157305351,11.962740669437336
0.0,30.952004866976772,11.0,1.0,0.0,0.0,1.0,8280.533462973792,5827.338876516346
1.0,18.430544406004678,11.0,1.0,0.0,0.0,1.0,7236.148771620623,2345.0248894332944
1.0,19.53137696019477,7.0,1.0,0.0,0.0,1.0,8.475815460791637,8708.408917757246
0.0,17.623650200450676,8.0,1.0,0.0,0.0,1.0,4104.5385799474825,3330.3700226484084
0.0,18.178527590102302,10.0,1.0,0.0,0.0,0.0,858.3783173120343,25643.45239791483
1.0,43.280449655069965,7.0,1.0,0.0,1.0,1.0,15800.55757684492,1696.3430719273692
0.0,30.93397055509594,11.0,0.0,0.0,0.0,0.0,1737.7535225020888,5097.632967607599
1.0,27.71761828082807,9.0,1.0,0.0,0.0,1.0,3739.843703367629,668.4770893702625
0.0,25.57801748579189,10.0,1.0,0.0,0.0,1.0,4.845195777675961,6812.100721663974
0.0,19.64907714415469,12.0,0.0,0.0,0.0,1.0,3111.51233952267,4532.837917696419
1.0,18.10682501766128,9.0,1.0,0.0,0.0,1.0,397.08987659642617,7236.440732038163
0.0,21.685851558517825,8.0,1.0,0.0,0.0,1.0,0.0,5064.8575042675075
0.0,26.16341175903596,9.0,1.0,0.0,0.0,1.0,7196.761331046684,10853.77699358601
1.0,21.905799635900173,11.0,1.0,0.0,0.0,1.0,2868.4896896316213,9109.061465549243
0.0,22.375666984390286,9.0,0.0,0.0,0.0,1.0,13918.530793162994,7035.144682307612
1.0,39.018855387182654,12.0,1.0,0.0,0.0,0.0,0.0,7174.428278654892
0.0,17.66529298158235,6.0,0.0,1.0,0.0,1.0,1648.5407231346278,5991.398414057314
0.0,28.08866381984528,9.0,1.0,0.0,0.0,1.0,134.2477661052996,6729.737313473116
0.0,26.995539859780074,10.0,1.0,0.0,0.0,1.0,4170.100297447035,115.87527751369754
1.0,18.0,10.0,1.0,0.0,0.0,1.0,1298.2082952295823,5828.207552161308
0.0,23.916907326027932,11.0,1.0,0.0,0.0,1.0,7678.50627432822,15533.083244845537
0.0,21.627437935502677,8.0,1.0,0.0,0.0,1.0,3722.9817819127766,10455.549527392039
0.0,21.417290578406174,9.0,0.0,1.0,0.0,1.0,2190.87757585386,16551.812823373843
0.0,31.284325287218245,9.0,1.0,0.0,1.0,1.0,3654.973065124348,12.1253546652183
1.0,17.30419215973226,9.0,0.0,0.0,0.0,1.0,0.0,7953.322329982697
0.0,32.85812362974763,9.0,1.0,0.0,0.0,1.0,421.84165946773396,13882.986586446166
1.0,23.02939028928671,12.0,1.0,0.0,0.0,0.0,8986.814086945906,4660.914330183364
0.0,22.78332219682565,10.0,1.0,0.0,0.0,1.0,1554.4591185309994,5326.2186933361645
0.0,48.78118476342149,6.0,1.0,0.0,0.0,1.0,4203.34926115511,9310.715411433932
0.0,25.588124412045524,11.0,0.0,1.0,0.0,1.0,2308.4617874548185,5996.0076597939
1.0,27.95956558811917,10.0,1.0,0.0,1.0,1.0,280.18093747394465,4965.5829202180785
0.0,17.681655471941546,10.0,1.0,0.0,0.0,1.0,1634.4460581238748,589.6442711787354
0.0,30.20162946368922,11.0,1.0,0.0,0.0,1.0,3062.21019610188,519.2328008197943
1.0,19.614681741347713,8.0,1.0,1.0,0.0,1.0,674.4610900973603,19409.765179073765
0.0,29.671026866989294,11.0,1.0,0.0,0.0,0.0,17121.298587109955,8601.353745618426
1.0,20.938927128710727,9.0,1.0,0.0,0.0,1.0,394.48334666048754,8655.722592461088
1.0,26.5963845579117,10.0,1.0,0.0,0.0,1.0,247.35824963566836,6041.952002506041
1.0,18.350099795888042,12.0,1.0,0.0,0.0,1.0,752.6114377775417,6546.788941361256
1.0,21.984333018916693,7.0,1.0,0.0,0.0,1.0,0.0,8179.141192079674
1.0,21.43982589935495,12.0,1.0,0.0,0.0,0.0,2667.333371240914,0.0
1.0,20.664488957001744,12.0,1.0,0.0,0.0,0.0,657.1857414164429,2542.6022970247623
0.0,32.13311168371073,11.0,1.0,0.0,0.0,1.0,4950.457690239027,3624.2322633375334
0.0,20.022646668712127,10.0,0.0,1.0,0.0,1.0,21110.582899504934,15769.847497555242
1.0,36.76960710165081,9.0,1.0,0.0,0.0,1.0,10366.027352579178,10125.357322893457
1.0,32.82945264907233,7.0,1.0,0.0,0.0,1.0,665.2081150292545,220.57153075535496
1.0,24.66704995000765,11.0,0.0,0.0,0.0,1.0,1664.8286727534035,5151.967867900516
0.0,34.67911654169853,12.0,1.0,0.0,0.0,0.0,5812.420241918622,4166.274547430297
1.0,41.57742567430948,7.0,1.0,0.0,0.0,1.0,0.0,7963.2984124733575
0.0,28.419467317673746,11.0,1.0,0.0,1.0,0.0,14044.217811675157,2159.487168611362
1.0,19.74251712666136,12.0,1.0,0.0,0.0,1.0,12111.835967726642,13188.464071303537
0.0,39.145249989022375,11.0,0.0,0.0,0.0,0.0,1771.7669574830686,83.01935682088416
0.0,23.341769779679417,11.0,0.0,0.0,1.0,0.0,1477.5408820058638,19179.755235442568
0.0,30.36012188684823,13.0,0.0,0.0,0.0,0.0,6289.314652557128,2054.0354538311385
0.0,38.0690791650413,10.0,1.0,1.0,0.0,1.0,5934.052216404506,1171.6196743848413
0.0,17.43796879873521,9.0,1.0,0.0,0.0,1.0,429.1772140682433,3437.499668265703
0.0,30.86853395292718,7.0,1.0,0.0,0.0,1.0,7913.8568696557595,5238.6352983075285
0.0,21.621394161513702,10.0,1.0,0.0,1.0,1.0,6755.489565055339,10288.337548666685
0.0,27.838073284733873,8.0,1.0,1.0,0.0,1.0,1948.8042442486676,16536.419126234974
1.0,19.18116477841826,10.0,1.0,0.0,0.0,1.0,174.06292389265522,11089.945408877906
0.0,31.14312271201548,11.0,1.0,0.0,0.0,0.0,5591.01563287202,8280.07040540615
1.0,31.270096241172617,9.0,1.0,1.0,0.0,1.0,3388.630501178157,2466.685172862566
0.0,19.0,8.0,0.0,1.0,0.0,1.0,1604.40575087965,7333.328415687709
0.0,31.826671491862296,15.0,1.0,0.0,0.0,0.0,11455.882953314576,7197.00811676383
0.0,32.27735063043436,13.0,0.0,1.0,0.0,1.0,224.48243889434764,3860.5836029402863
1.0,20.82494875362278,8.0,1.0,0.0,0.0,1.0,55.46899893197356,6391.349662668279
1.0,17.898231510732074,11.0,1.0,0.0,0.0,0.0,271.7569422639341,0.0
0.0,25.947683180168905,5.0,1.0,1.0,0.0,1.0,3375.075637052377,0.0
1.0,23.76198169173698,9.0,1.0,0.0,0.0,1.0,2086.7092043392577,4353.228216994506
0.0,25.45419942455507,10.0,1.0,0.0,1.0,1.0,15445.46219630275,7647.486893324618
0.0,23.043836984693236,9.0,1.0,0.0,0.0,1.0,391.3771511810963,4068.3353019454753
1.0,21.386715172022544,8.0,1.0,0.0,0.0,1.0,4766.283089576262,367.56676840597027
0.0,26.679688439552987,11.0,1.0,0.0,0.0,1.0,143.2810741264647,0.0
1.0,21.60082801203536,10.0,1.0,0.0,0.0,1.0,259.74545575295707,2622.245508826869
1.0,40.68485111777449,8.0,1.0,0.0,0.0,1.0,0.0,414.0939730263653
1.0,37.03051354534263,11.0,1.0,0.0,1.0,0.0,1698.2130610173467,14450.471102369436
1.0,17.021378913091738,7.0,0.0,0.0,0.0,1.0,5207.477762106359,13883.02490866667
1.0,17.0,9.0,1.0,0.0,0.0,1.0,1344.543803155395,10662.392599705021
0.0,23.863429857327297,6.0,1.0,0.0,0.0,1.0,732.9789932657546,6977.739938126895
1.0,22.60655587466247,8.0,0.0,0.0,0.0,1.0,3138.744767273207,793.0577611329093
1.0,39.99066377270381,12.0,0.0,0.0,0.0,0.0,0.0,3502.61712539372
0.0,17.25773517216443,8.0,1.0,0.0,0.0,1.0,12.937788120438874,2423.4971549379516
0.0,24.226444972138804,11.0,1.0,0.0,0.0,1.0,0.0,123.7420561653927
1.0,25.069764030341762,11.0,1.0,1.0,1.0,0.0,10356.94595782609,9577.235616869699
0.0,20.510328256880626,7.0,1.0,0.0,0.0,1.0,2612.328880770561,2146.282805918305
0.0,17.212641172741165,11.0,0.0,1.0,0.0,1.0,148.46149237891265,4728.2888991674845
0.0,18.27555038666094,9.0,0.0,0.0,0.0,1.0,1802.9121894609852,4855.025887278382
0.0,18.31148038808259,7.0,1.0,0.0,0.0,1.0,1801.2937886783923,12046.717710948684
0.0,19.995021910630427,10.0,0.0,0.0,0.0,1.0,1170.6747710307018,34508.73770207048
1.0,33.94777533713946,12.0,1.0,0.0,0.0,0.0,3194.149652394924,5212.370978421959
0.0,29.259384274002265,12.0,1.0,1.0,0.0,0.0,1708.079601818391,8037.97528199784
0.0,19.951862360819604,11.0,1.0,0.0,0.0,0.0,17979.575712211572,12936.90858537261
1.0,21.48549079899561,12.0,1.0,0.0,1.0,0.0,18844.440118901017,9729.20924272312
1.0,18.486767065664942,11.0,1.0,0.0,0.0,1.0,5343.004806459546,8125.158315250123
0.0,29.588351505568234,9.0,1.0,0.0,0.0,1.0,5474.2053626485995,37.13063048854314
1.0,29.77334599792777,12.0,0.0,1.0,1.0,0.0,11463.89937579104,4619.305833994129
0.0,20.903650530354632,10.0,1.0,0.0,0.0,1.0,1585.8558381893433,6318.0511287620575
1.0,18.328384072577993,9.0,1.0,0.0,0.0,1.0,423.96976157367897,8555.347850612065
0.0,24.52294847318058,12.0,0.0,0.0,0.0,0.0,1350.7056041597584,11274.908245828141
0.0,21.012794577886215,11.0,1.0,0.0,0.0,1.0,9045.717519167472,8704.870602695275
0.0,27.76025135551909,13.0,1.0,0.0,0.0,0.0,9533.550879290666,5402.387543376691
1.0,19.0,11.0,1.0,0.0,0.0,1.0,0.0,3127.399192118423
1.0,23.32501858397657,8.0,1.0,0.0,0.0,1.0,22170.967046984806,4971.465119630647
0.0,26.08645180320556,12.0,1.0,0.0,0.0,0.0,2326.909664672582,0.0
0.0,18.0,9.0,1.0,0.0,0.0,1.0,2296.6150263419104,15727.876631703883
1.0,26.0,11.0,1.0,1.0,0.0,1.0,609.4256118353504,5839.993502571822
1.0,38.73413292958152,8.0,1.0,0.0,1.0,1.0,7692.196863978889,1434.6022777297158
1.0,35.25988989134595,9.0,1.0,0.0,0.0,1.0,0.0,749.4615048461467
0.0,23.237320437429947,12.0,1.0,0.0,0.0,0.0,2437.560915336494,10814.992261169218
0.0,20.0,8.0,0.0,0.0,0.0,1.0,6680.390422625271,10531.98973616867
0.0,19.090560139605337,9.0,0.0,1.0,0.0,1.0,3711.076256158967,6605.093811454969
0.0,33.979012910208986,9.0,1.0,0.0,0.0,1.0,9630.052348733767,115.29967706461511
0.0,18.48381184832351,9.0,1.0,0.0,0.0,1.0,2167.7829850925436,2355.9713275888794
1.0,21.397597353005224,10.0,1.0,0.0,0.0,0.0,104.66352615542579,25852.801897611374
0.0,25.95371754704062,10.0,0.0,0.0,1.0,0.0,8705.496915964535,7607.343226091706
0.0,17.98685841321033,10.0,1.0,0.0,0.0,1.0,426.407440310437,620.5346442546784
0.0,17.0,8.0,1.0,0.0,0.0,1.0,7229.807380937693,13497.958933346414
1.0,33.54377409422469,8.0,0.0,0.0,1.0,1.0,5831.951824744299,4044.321025643259
0.0,30.955977444313692,12.0,1.0,0.0,0.0,0.0,388.4458777347521,0.0
0.0,21.72096456891448,12.0,1.0,0.0,0.0,1.0,22949.775321886038,30170.016646195316
0.0,34.31961515785191,12.0,0.0,0.0,0.0,0.0,35.14255387231438,15696.398008135646
0.0,31.229550528262372,11.0,0.0,0.0,0.0,1.0,3761.9236866844794,2058.7528069533746
0.0,37.06431887727297,13.0,1.0,0.0,0.0,0.0,0.0,9149.308799849661
1.0,38.6996401467641,12.0,1.0,0.0,0.0,0.0,202.26982601549918,8682.587305056208
1.0,27.67778266282677,7.0,1.0,0.0,0.0,1.0,6359.793164135531,9.784530368813932
0.0,24.476399848752553,9.0,0.0,0.0,0.0,1.0,7413.4669300956075,27472.494937703632
1.0,26.29458916866568,11.0,1.0,0.0,0.0,0.0,719.043714940503,12836.486921412088
0.0,17.65670416793207,9.0,0.0,1.0,1.0,1.0,2037.105588237995,6065.453382433687
0.0,20.423675446026078,11.0,1.0,0.0,0.0,1.0,4663.5743873846295,20.874808740881747
0.0,25.461584800459583,12.0,0.0,0.0,0.0,1.0,3549.677164069283,7747.7603687421415
1.0,39.771123715757966,10.0,1.0,0.0,1.0,1.0,9139.30407130073,20517.212486389835
1.0,21.954850044764996,10.0,1.0,0.0,1.0,1.0,1902.1930887897752,9714.652369163838
0.0,32.68825142483084,11.0,1.0,0.0,1.0,1.0,5967.670968834162,0.0
0.0,37.75534056507071,11.0,1.0,0.0,1.0,0.0,0.0,4235.419272174285
1.0,17.551456630589858,7.0,1.0,0.0,0.0,1.0,0.0,1452.5383185798048
0.0,20.4469395147614,8.0,1.0,0.0,0.0,1.0,6234.02459388024,63.42143593792832
0.0,22.386243008109105,10.0,1.0,0.0,0.0,1.0,9784.502400943418,5775.802228872255
1.0,18.230460744507184,12.0,1.0,0.0,0.0,0.0,889.1693641947941,726.6526100499808
0.0,19.03564606659094,9.0,1.0,0.0,0.0,1.0,669.1822145557983,5043.869071251556
0.0,22.384784214548816,9.0,1.0,0.0,0.0,1.0,3017.705279984005,1358.6032101472142
1.0,20.04479132360464,9.0,1.0,0.0,0.0,1.0,7252.435734045437,4213.291875621088
0.0,21.01173458299267,7.0,1.0,0.0,0.0,1.0,25748.472329670574,11684.99324987339
0.0,26.0,12.0,1.0,0.0,0.0,0.0,340.17612740452296,8548.844582421407
0.0,20.08826643314057,11.0,1.0,0.0,1.0,1.0,3055.8737983608376,693.2727476416335
0.0,21.35889689813987,8.0,1.0,0.0,1.0,1.0,0.0,6434.030646031775
0.0,34.33472023027251,8.0,1.0,0.0,0.0,1.0,7231.984507667716,96.89356443692189
1.0,21.270474787100312,9.0,1.0,0.0,0.0,1.0,1539.2970059447055,4078.7813552511752
1.0,38.67697148199558,14.0,1.0,0.0,1.0,1.0,8767.433825205328,14979.913947661027
1.0,33.94165867272311,6.0,0.0,0.0,0.0,1.0,1247.1119987764946,11331.968281182628
0.0,33.83916247577618,11.0,1.0,0.0,1.0,1.0,0.0,12693.094289579527
0.0,18.27314069634452,10.0,1.0,0.0,0.0,1.0,7654.699839800183,12974.9314109932
1.0,34.564954269281024,12.0,1.0,0.0,0.0,0.0,1061.6340560023782,685.0636671815316
0.0,33.48455821579716,11.0,1.0,0.0,0.0,0.0,16531.400686171928,12595.932754978145
0.0,24.537851177794412,12.0,1.0,0.0,0.0,0.0,154.7791698128111,3081.979659157623
1.0,18.191696194573836,10.0,0.0,0.0,0.0,1.0,1459.681724986744,208.13850519096115
0.0,24.868649626997048,12.0,0.0,0.0,0.0,0.0,792.0691244271154,10893.762730837101
0.0,18.71045506773228,9.0,1.0,0.0,0.0,0.0,77.76393183535566,0.0
1.0,46.00070820592203,8.0,1.0,0.0,0.0,0.0,1495.3616843518828,12681.320296395732
1.0,26.71876408440651,11.0,1.0,0.0,0.0,1.0,2408.2765286338677,2512.3917400638243
1.0,28.236056415493795,8.0,0.0,1.0,1.0,1.0,9656.809374268307,4565.501861701625
1.0,22.317365284025158,12.0,1.0,0.0,0.0,0.0,3313.093889173222,8295.377517116272
1.0,22.958945837528706,10.0,1.0,0.0,0.0,1.0,17180.652301393147,12737.501302575849
1.0,27.650208006710884,9.0,0.0,1.0,0.0,0.0,869.8222111892073,3259.2735746481494
1.0,21.284237604334628,14.0,1.0,0.0,0.0,0.0,0.0,7642.934237849232
0.0,22.218243351101844,10.0,1.0,0.0,0.0,1.0,12072.798279552371,38354.46754323491
1.0,31.737301305155096,9.0,1.0,0.0,1.0,1.0,6285.114484844235,147.9453999506759
1.0,20.84860684231093,11.0,1.0,0.0,0.0,1.0,9248.951298953263,4167.404717681773
0.0,20.296093776681147,12.0,1.0,0.0,0.0,1.0,31734.459500366414,19078.08119922542
1.0,19.86507801985145,13.0,1.0,0.0,0.0,1.0,122.39222586476734,13201.432783716285
1.0,31.779377734673417,11.0,1.0,0.0,1.0,1.0,6210.086169604207,823.277677234111
0.0,20.905723283360082,9.0,1.0,0.0,0.0,1.0,5664.76516249191,8055.08193791825
0.0,19.24869576258286,11.0,1.0,0.0,1.0,1.0,12152.581013543047,385.9909655969243
1.0,26.72422745812716,11.0,1.0,0.0,0.0,0.0,634.707784811422,14852.232063106674
0.0,19.25147112924428,10.0,0.0,0.0,0.0,1.0,32.58662820917633,8913.129948052194
0.0,36.60939640677935,10.0,1.0,0.0,0.0,1.0,17668.336179645165,390.7317974387
0.0,29.139006638035625,12.0,1.0,0.0,0.0,0.0,6685.045111899217,5459.891172809915
0.0,35.55114297612757,11.0,1.0,0.0,0.0,1.0,167.7401178042212,1985.9417433179299
0.0,38.06423158697312,11.0,0.0,0.0,0.0,0.0,9176.153192052843,1601.9922224907677
0.0,21.70747131560372,7.0,1.0,0.0,0.0,1.0,10939.606728778765,0.0
0.0,17.3112913643459,8.0,1.0,0.0,0.0,1.0,301.4333161394766,9053.993684999596
1.0,21.558567123231004,10.0,1.0,0.0,0.0,1.0,7105.51445027029,1198.942622792932
0.0,24.711828276751106,9.0,1.0,0.0,0.0,1.0,8906.343727637552,12576.420128961732
0.0,27.266655500771392,10.0,1.0,0.0,1.0,1.0,9131.004897524765,3457.262777522942
0.0,19.0,9.0,1.0,0.0,0.0,1.0,2655.8501442055767,5644.693236035243
1.0,27.66166978793817,11.0,1.0,0.0,0.0,1.0,3454.5904652311365,160.81354727377172
1.0,27.18135291255702,13.0,1.0,0.0,0.0,0.0,1262.3015093212566,1831.2061127429115
0.0,25.82681497277617,13.0,1.0,0.0,0.0,0.0,9727.843078522303,16519.4779076296
0.0,30.37317553390234,10.0,1.0,1.0,0.0,1.0,3550.1569688755517,506.68228775844216
0.0,17.680457274100814,10.0,1.0,0.0,0.0,1.0,0.0,0.0
0.0,41.18676294088745,10.0,1.0,0.0,1.0,1.0,16993.613650117328,27079.81483464325
0.0,26.390587074625927,9.0,0.0,1.0,0.0,1.0,2140.969169659587,7834.358928617264
0.0,19.17045963586369,10.0,1.0,0.0,0.0,1.0,1346.7367349389508,7570.27053253114
1.0,28.410279590859236,13.0,0.0,0.0,0.0,0.0,17359.01737602546,3300.7252881876702
1.0,24.605062315495857,11.0,1.0,0.0,0.0,0.0,12935.26042629137,6381.818632865576
0.0,17.59956136014205,10.0,0.0,1.0,0.0,1.0,1183.5792864498496,9305.861697873877
1.0,29.39230081394948,14.0,1.0,0.0,0.0,0.0,4440.583295312964,18027.919663858243
0.0,22.210280875157366,4.0,0.0,1.0,0.0,1.0,6962.013645124853,2538.5972716486895
0.0,20.392940837834367,11.0,1.0,0.0,0.0,1.0,6923.201893821734,8577.651843441145
0.0,22.054951289852276,11.0,1.0,0.0,0.0,1.0,3987.641381349611,7437.866349876787
1.0,18.637560724624958,9.0,1.0,0.0,0.0,1.0,393.4790461597799,16214.429771533898
1.0,21.084549936711408,11.0,1.0,0.0,0.0,0.0,849.3705257575293,9249.939853858259
1.0,33.42079303496947,9.0,1.0,0.0,0.0,1.0,2117.9943834991354,847.0246327815662
1.0,37.33830746911501,14.0,0.0,0.0,1.0,0.0,0.0,7747.262117100705
1.0,17.13104528973287,9.0,0.0,0.0,0.0,1.0,1940.528612788501,5755.4919941147955
0.0,17.0,10.0,1.0,0.0,0.0,1.0,49.49826113605187,12995.160839918495
0.0,18.55724078459997,9.0,1.0,0.0,1.0,1.0,366.36299285860605,11428.945774731266
0.0,34.77697796809901,11.0,0.0,0.0,0.0,1.0,1997.7144704278585,488.5277824879508
0.0,19.728214379543022,10.0,1.0,0.0,0.0,1.0,1747.8586547676416,11889.6480019993
1.0,23.991108721154106,9.0,0.0,0.0,1.0,1.0,4877.684095613927,2753.908569091268
1.0,34.67356084362848,12.0,0.0,0.0,0.0,0.0,5381.831277687159,13076.328121003058
1.0,20.59898015267815,12.0,0.0,0.0,0.0,0.0,9408.391397553714,22558.60208010266
1.0,36.63981565331354,10.0,1.0,0.0,0.0,1.0,4.652076677306294,0.0
0.0,18.601415869247653,11.0,1.0,0.0,0.0,0.0,205.02965421189123,107.60666195130261
0.0,20.49199966257061,7.0,1.0,0.0,0.0,1.0,312.9638936656942,6979.259572305818
0.0,32.67488917444455,7.0,1.0,0.0,0.0,1.0,0.0,5115.214893515163
0.0,17.453494322670092,10.0,1.0,0.0,0.0,1.0,897.3020478546648,7455.10407590443
0.0,20.30110746882341,9.0,1.0,0.0,0.0,1.0,16477.823003278776,35932.90813999611
0.0,17.719856595602046,10.0,1.0,0.0,0.0,1.0,18.87166303900483,0.0
0.0,21.291311011990206,12.0,0.0,1.0,0.0,0.0,2524.863386328828,8509.934574960902
1.0,22.061061881910007,6.0,1.0,0.0,0.0,1.0,597.9468582572786,11712.42200695955
0.0,20.30722971340998,10.0,1.0,0.0,0.0,1.0,2292.9726999969785,8114.325635705775
1.0,33.34506408638528,15.0,0.0,0.0,0.0,1.0,220.17101658531328,19437.676883507418
0.0,21.667923193460165,10.0,1.0,0.0,0.0,1.0,505.7790098077646,35.93376256966267
0.0,22.39268577058408,12.0,1.0,0.0,0.0,0.0,8449.273420333398,98.16755466825998
1.0,27.395575152192983,11.0,1.0,0.0,0.0,1.0,3424.767273917197,6367.316283679302
1.0,28.710356616474243,12.0,1.0,0.0,1.0,0.0,8556.259778389795,8006.224034305407
0.0,47.08052927251534,11.0,1.0,0.0,0.0,1.0,29.634624544325863,0.0
0.0,27.207697529263278,12.0,1.0,0.0,0.0,0.0,133.98599184691403,1234.1822267425969
0.0,24.78820193541379,11.0,1.0,0.0,1.0,1.0,8256.88138726612,9053.451329701009
1.0,17.94237996613735,9.0,0.0,0.0,0.0,1.0,4.7879230574529545,12838.991514157879
0.0,43.2965418289483,5.0,1.0,0.0,0.0,1.0,3907.118423175809,7980.688215858519
1.0,22.347623279946742,11.0,0.0,1.0,1.0,0.0,13016.249966620391,12582.048419718787
1.0,17.80144369907404,11.0,1.0,0.0,0.0,1.0,7885.815230660988,14318.912623638193
0.0,22.730035816803134,6.0,1.0,0.0,0.0,1.0,253.2269870219387,2175.615645608881
0.0,32.905412905036044,9.0,1.0,0.0,1.0,1.0,4805.744612632114,0.0
0.0,26.612921396879607,9.0,1.0,0.0,0.0,1.0,0.0,16729.450695820535
0.0,23.10997815725145,12.0,0.0,0.0,0.0,0.0,2206.600657867305,27462.6535989192
1.0,17.0,8.0,1.0,0.0,0.0,1.0,144.54266480642343,1811.2670007862507
1.0,18.90829506028733,9.0,1.0,0.0,0.0,1.0,6982.943225520306,4983.244609609311
1.0,17.822672803863554,8.0,1.0,0.0,0.0,1.0,1451.8679354901767,2529.792359670392
0.0,18.574472689724036,8.0,0.0,0.0,0.0,1.0,605.5430159423431,5980.172508162323
0.0,18.851533035123428,9.0,1.0,0.0,0.0,1.0,117.97223636405494,6895.91689846813
0.0,19.442453317947244,8.0,0.0,1.0,0.0,1.0,32.92541542658708,5518.883473213532
0.0,17.74299468303592,10.0,0.0,0.0,0.0,1.0,0.0,2304.789632727101
1.0,22.3529290743638,12.0,1.0,0.0,0.0,0.0,2882.6484942377974,0.0
1.0,24.497783796418823,9.0,1.0,0.0,0.0,1.0,3851.88783621924,473.07903949709623
0.0,32.23925953221326,12.0,1.0,0.0,0.0,0.0,2362.735741695336,147.25282025185825
0.0,23.77792957558758,8.0,1.0,0.0,0.0,1.0,6117.501318161028,8527.183659507698
1.0,20.441405479952635,11.0,1.0,0.0,1.0,1.0,13830.376991195844,7349.594952436599
0.0,20.97757492572691,10.0,1.0,0.0,0.0,1.0,8654.397677438054,6547.547774045946
0.0,20.35120446676134,9.0,1.0,1.0,0.0,1.0,1281.7449073015728,3169.2948333089844
0.0,17.34635039431395,9.0,0.0,0.0,0.0,1.0,1190.8411483815908,10919.449553407478
0.0,34.41760263787153,10.0,1.0,0.0,0.0,1.0,11110.298760333531,21060.370431984877
1.0,19.0,8.0,1.0,0.0,0.0,1.0,1639.4260148129288,8744.1116673866
1.0,29.65166238385616,12.0,1.0,0.0,1.0,1.0,1243.3323083503462,71.23822162337842
1.0,36.55959536444573,10.0,0.0,1.0,0.0,1.0,4282.444231441437,3925.691097672491
0.0,39.07407691997505,9.0,1.0,0.0,0.0,0.0,105.61204432230083,4868.232986818696
0.0,20.614709328411276,11.0,0.0,0.0,0.0,0.0,3292.7169768832146,16547.214945869193
0.0,19.383079996882266,11.0,1.0,0.0,0.0,0.0,3019.625815793361,21341.404457674776
1.0,19.80080511338533,10.0,1.0,0.0,0.0,1.0,3781.6579669332946,1758.090340420134
0.0,17.737596394976705,9.0,1.0,0.0,0.0,1.0,5447.086189662094,709.1474631109521
0.0,21.0,8.0,1.0,0.0,0.0,1.0,12240.048960123055,3539.745261772102
0.0,31.46927434143298,7.0,1.0,0.0,1.0,1.0,3904.3327266555857,11268.30750526646
0.0,29.13745348603371,10.0,1.0,0.0,0.0,1.0,0.0,1416.298135903891
1.0,30.016005024470196,6.0,1.0,0.0,0.0,1.0,17158.290863019698,7820.96896675611
1.0,22.945614206457062,12.0,1.0,0.0,0.0,0.0,2810.5728847898617,8514.786453205075
1.0,26.86430884228573,9.0,1.0,0.0,1.0,1.0,6709.5132128813375,5436.263266854095
0.0,20.81301254806695,10.0,1.0,0.0,0.0,1.0,853.2402241873615,1089.1567548464266
0.0,39.26354159355695,10.0,1.0,0.0,0.0,1.0,323.8209257329015,7323.911301164556
0.0,27.99631652498897,12.0,1.0,0.0,0.0,0.0,1442.2306757045817,1940.5881240335484
1.0,26.040347783126037,11.0,1.0,0.0,0.0,0.0,0.0,10869.085852941804
0.0,28.59749474796392,10.0,1.0,0.0,1.0,1.0,9888.124887523787,8590.905896667557
1.0,22.91912319380812,11.0,1.0,0.0,0.0,1.0,10127.825768477607,3680.158519458343
0.0,23.613765756614633,10.0,1.0,0.0,0.0,1.0,830.9139854513493,10404.268995269449
0.0,17.437384511722698,10.0,1.0,0.0,0.0,1.0,1438.4336127812048,0.0
0.0,27.865208290958016,9.0,1.0,0.0,0.0,1.0,321.7338546308835,0.0
0.0,28.6849995076579,11.0,1.0,0.0,0.0,1.0,1512.070570799533,13162.747401580067
0.0,28.544800816952556,9.0,1.0,0.0,0.0,1.0,9123.36353272066,10619.08302541356
0.0,30.101614592298667,9.0,1.0,0.0,0.0,1.0,0.0,163.10247909121787
1.0,18.239927916556955,8.0,1.0,0.0,0.0,1.0,64.06653248820896,11851.083147301215
1.0,29.721555963205102,14.0,1.0,0.0,0.0,0.0,222.57994475469835,15850.095066303684
1.0,26.10874040437416,10.0,1.0,0.0,1.0,1.0,7974.658827764617,13169.584226897787
0.0,30.103868396531485,10.0,1.0,0.0,0.0,1.0,10139.033754164082,0.0
1.0,17.519315691896853,8.0,0.0,1.0,0.0,1.0,8798.796256414686,1423.7047911688187
1.0,18.0,9.0,1.0,0.0,0.0,1.0,594.7441305697959,14719.694487679522
1.0,28.46965137294088,10.0,1.0,1.0,1.0,1.0,65.52523722727597,9682.274425689142
0.0,22.298526549638463,12.0,1.0,0.0,0.0,0.0,243.14258408188698,2563.175123864154
1.0,29.972934286980287,12.0,1.0,0.0,1.0,0.0,0.0,6858.308322224442
1.0,22.600278615039805,9.0,1.0,0.0,0.0,1.0,1640.2525816111315,341.0455524017134
1.0,24.63050147866259,10.0,1.0,0.0,0.0,1.0,9164.551515694475,5064.546200644694
0.0,22.254978918231405,9.0,1.0,0.0,0.0,1.0,23002.118577865265,1712.4742188684936
1.0,23.159877786059266,8.0,0.0,0.0,0.0,1.0,583.0217071408385,6778.525653465335
0.0,26.615189428997244,10.0,1.0,0.0,0.0,1.0,4385.673544548445,1625.9805879398598
0.0,18.0,10.0,1.0,0.0,0.0,1.0,1784.5809085116168,6168.450168437796
1.0,21.56742042348341,11.0,1.0,0.0,0.0,0.0,7218.69345551141,6109.429867066879
0.0,45.052469597219876,10.0,1.0,0.0,1.0,1.0,24197.0359843718,15490.302230168236
0.0,23.960892143201153,10.0,1.0,0.0,1.0,1.0,13168.652597158318,0.0
0.0,27.96036212043423,10.0,0.0,0.0,0.0,1.0,15464.77768838348,789.8727143852412
0.0,24.252887740666072,10.0,1.0,0.0,0.0,0.0,2579.9584178871905,2580.750125389322
0.0,22.99610220372563,8.0,1.0,0.0,1.0,1.0,184.4417603780126,4026.572384149995
0.0,37.64111026442776,8.0,1.0,0.0,0.0,1.0,0.0,0.0
0.0,25.756567403944672,10.0,1.0,0.0,0.0,1.0,1692.971853872159,1873.5051664357836
0.0,23.708842392110725,9.0,1.0,0.0,1.0,1.0,794.9326361972714,0.0
0.0,20.566189912178594,8.0,1.0,0.0,0.0,1.0,153.34020160918894,4070.1952622771823
0.0,23.854465331341046,11.0,1.0,0.0,0.0,1.0,1211.5282599246057,58680.02460150746
0.0,17.0,8.0,1.0,0.0,0.0,1.0,100.12428714433443,502.03072911209074
0.0,17.587152965081568,7.0,0.0,0.0,0.0,1.0,8878.666132282586,6051.119490327079
0.0,23.76705864939441,7.0,1.0,0.0,0.0,1.0,8339.183342855958,37.2273554590453
0.0,17.0,11.0,1.0,0.0,0.0,1.0,12.204482050344382,8570.658444244677
0.0,18.00817825848068,9.0,0.0,0.0,0.0,1.0,405.3344802154379,4519.764314918381
1.0,42.23575684040993,3.0,1.0,0.0,0.0,1.0,1441.5858310307976,3185.8259937643547
0.0,40.12729732884176,10.0,1.0,0.0,0.0,1.0,239.03839840121452,40.9842762461864
1.0,30.29540319330305,7.0,1.0,0.0,0.0,1.0,864.1867313529516,1361.8501077948986
0.0,30.049519090247156,12.0,1.0,0.0,1.0,1.0,46.6476564304312,49.45654778722105
1.0,20.921327171581986,8.0,1.0,0.0,1.0,1.0,6353.387428039231,1455.2873139235733
0.0,28.0,9.0,1.0,0.0,1.0,1.0,12025.971906905233,164.12102369182276
0.0,36.10145414395069,10.0,1.0,1.0,0.0,1.0,9027.278463828068,2391.9963048616173
0.0,18.525544486420987,8.0,1.0,0.0,0.0,1.0,98.83466113561974,2552.2736637295166
0.0,17.7726809534724,11.0,0.0,0.0,0.0,1.0,2268.932594803447,5409.74133111678
0.0,26.542564789291653,9.0,1.0,0.0,0.0,1.0,0.0,9824.495915065596
0.0,18.198825278318914,9.0,1.0,0.0,0.0,1.0,163.47490289313146,13677.219409318917
0.0,18.0,8.0,1.0,0.0,0.0,1.0,144.76503162319335,79.92444570272909
1.0,32.24929733568506,10.0,1.0,0.0,0.0,1.0,2792.774129817633,172.12841518045337
0.0,42.215908080675156,9.0,1.0,0.0,0.0,1.0,1927.9920618681103,17030.51840088228
0.0,25.88232581147388,10.0,1.0,0.0,0.0,1.0,522.3778648909246,6963.440347229227
0.0,24.21312287221447,9.0,1.0,1.0,1.0,1.0,23101.918627853855,6531.448667369363
0.0,21.698557617242695,10.0,1.0,0.0,0.0,1.0,43.78416248406501,214.9602910958595
1.0,25.110652782443978,12.0,1.0,0.0,0.0,0.0,0.0,420.5927837544628
0.0,34.74839999493588,9.0,1.0,0.0,0.0,1.0,4604.653516098959,12773.174796236035
0.0,26.293348296574713,9.0,1.0,0.0,1.0,1.0,3628.134835469691,399.2776508061054
0.0,22.561962702594798,11.0,0.0,1.0,0.0,0.0,3650.635637815507,1170.68198225704
1.0,22.565661289450752,12.0,1.0,0.0,0.0,0.0,7564.802975381271,1468.3705527243296
